{
  "total_records": 18000,
  "risk_distribution": {
    "Low": 9924,
    "Medium": 4484,
    "High": 3592
  },
  "triage_distribution": {
    "0": 9924,
    "1": 4484,
    "2": 2701,
    "3": 891
  },
  "age_stats": {
    "mean": 44.71624444444445,
    "min": 0.0,
    "max": 95.0,
    "std": 19.10105607968634
  },
  "heart_rate_stats": {
    "mean": 83.29232222222223,
    "min": 33.4,
    "max": 152.3
  },
  "bp_stats": {
    "mean": 128.0727388888889,
    "min": 65.8,
    "max": 219.7
  },
  "o2_stats": {
    "mean": 96.08518333333333,
    "min": 79.5,
    "max": 100.0
  },
  "temp_stats": {
    "mean": 37.22423611111111,
    "min": 34.47,
    "max": 41.13
  },
  "arrival_mode_distribution": {
    "walk_in": 11963,
    "wheelchair": 3067,
    "ambulance": 2970
  },
  "pain_level_stats": {
    "mean": 3.402111111111111,
    "min": 1.0,
    "max": 10.0
  }
}