{
  "feature_columns": [
    "age",
    "heart_rate",
    "systolic_blood_pressure",
    "oxygen_saturation",
    "body_temperature",
    "pain_level",
    "chronic_disease_count",
    "previous_er_visits",
    "age_hr_interaction",
    "bp_o2_ratio",
    "temp_deviation",
    "vitals_severity",
    "chronic_er_score",
    "age_risk",
    "combined_risk_score",
    "arrival_ambulance",
    "arrival_walk_in",
    "arrival_wheelchair"
  ],
  "risk_labels": {
    "0": "Low",
    "1": "Medium",
    "2": "High"
  },
  "accuracy": 0.9541666666666667,
  "cv_accuracy_mean": 0.945,
  "cv_accuracy_std": 0.001971537439802537,
  "feature_importances": {
    "pain_level": 0.5193729536024095,
    "vitals_severity": 0.2611788506731347,
    "combined_risk_score": 0.10726392544311092,
    "body_temperature": 0.03219992587965687,
    "age_hr_interaction": 0.020163284072680015,
    "bp_o2_ratio": 0.009431872576575366,
    "chronic_er_score": 0.008887369763818044,
    "age": 0.008859060074553423,
    "systolic_blood_pressure": 0.007480771658635258,
    "heart_rate": 0.0071807870815546295,
    "oxygen_saturation": 0.005284133823159626,
    "temp_deviation": 0.004398966312502932,
    "previous_er_visits": 0.0034657631856632887,
    "arrival_walk_in": 0.0024712779823591892,
    "chronic_disease_count": 0.0010954306613943684,
    "arrival_ambulance": 0.0008094274055249413,
    "arrival_wheelchair": 0.0004034276138722058,
    "age_risk": 5.277218939484621e-05
  },
  "training_samples": 14400,
  "test_samples": 3600,
  "model_type": "VotingClassifier(GradientBoosting + RandomForest)"
}